app_protocol,src_port,dst_port,message,timestamp
HTTP,50001,12345,Test message 1,2026-01-11 10:00:01
HTTP,50002,12345,Test message 2,2026-01-11 10:00:02
HTTP,50003,12345,Test message 3,2026-01-11 10:00:03
HTTP,50004,12345,Test message 4,2026-01-11 10:00:04
HTTP,50005,12345,Test message 5,2026-01-11 10:00:05
HTTP,50006,12345,Test message 6,2026-01-11 10:00:06
HTTP,50007,12345,Test message 7,2026-01-11 10:00:07
HTTP,50008,12345,Test message 8,2026-01-11 10:00:08
HTTP,50009,12345,Test message 9,2026-01-11 10:00:09
HTTP,50010,12345,Test message 10,2026-01-11 10:00:10
HTTP,50011,12345,Test message 11,2026-01-11 10:00:11
HTTP,50012,12345,Test message 12,2026-01-11 10:00:12
HTTP,50013,12345,Test message 13,2026-01-11 10:00:13
HTTP,50014,12345,Test message 14,2026-01-11 10:00:14
HTTP,50015,12345,Test message 15,2026-01-11 10:00:15
HTTP,50016,12345,Test message 16,2026-01-11 10:00:16
HTTP,50017,12345,Test message 17,2026-01-11 10:00:17
HTTP,50018,12345,Test message 18,2026-01-11 10:00:18
HTTP,50019,12345,Test message 19,2026-01-11 10:00:19
HTTP,50020,12345,Test message 20,2026-01-11 10:00:20
HTTP,50021,12345,Test message 21,2026-01-11 10:00:21
HTTP,50022,12345,Test message 22,2026-01-11 10:00:22
HTTP,50023,12345,Test message 23,2026-01-11 10:00:23
HTTP,50024,12345,Test message 24,2026-01-11 10:00:24
HTTP,50025,12345,Test message 25,2026-01-11 10:00:25
HTTP,50026,12345,Test message 26,2026-01-11 10:00:26
HTTP,50027,12345,Test message 27,2026-01-11 10:00:27
HTTP,50028,12345,Test message 28,2026-01-11 10:00:28
HTTP,50029,12345,Test message 29,2026-01-11 10:00:29
HTTP,50030,12345,Test message 30,2026-01-11 10:00:30
HTTP,50031,12345,Test message 31,2026-01-11 10:00:31
HTTP,50032,12345,Test message 32,2026-01-11 10:00:32
HTTP,50033,12345,Test message 33,2026-01-11 10:00:33
HTTP,50034,12345,Test message 34,2026-01-11 10:00:34
HTTP,50035,12345,Test message 35,2026-01-11 10:00:35
HTTP,50036,12345,Test message 36,2026-01-11 10:00:36
HTTP,50037,12345,Test message 37,2026-01-11 10:00:37
HTTP,50038,12345,Test message 38,2026-01-11 10:00:38
HTTP,50039,12345,Test message 39,2026-01-11 10:00:39
HTTP,50040,12345,Test message 40,2026-01-11 10:00:40
HTTP,50041,12345,Test message 41,2026-01-11 10:00:41
HTTP,50042,12345,Test message 42,2026-01-11 10:00:42
HTTP,50043,12345,Test message 43,2026-01-11 10:00:43
HTTP,50044,12345,Test message 44,2026-01-11 10:00:44
HTTP,50045,12345,Test message 45,2026-01-11 10:00:45
HTTP,50046,12345,Test message 46,2026-01-11 10:00:46
HTTP,50047,12345,Test message 47,2026-01-11 10:00:47
HTTP,50048,12345,Test message 48,2026-01-11 10:00:48
HTTP,50049,12345,Test message 49,2026-01-11 10:00:49
HTTP,50050,12345,Test message 50,2026-01-11 10:00:50
HTTP,50051,12345,Test message 51,2026-01-11 10:00:51
HTTP,50052,12345,Test message 52,2026-01-11 10:00:52
HTTP,50053,12345,Test message 53,2026-01-11 10:00:53
HTTP,50054,12345,Test message 54,2026-01-11 10:00:54
HTTP,50055,12345,Test message 55,2026-01-11 10:00:55
HTTP,50056,12345,Test message 56,2026-01-11 10:00:56
HTTP,50057,12345,Test message 57,2026-01-11 10:00:57
HTTP,50058,12345,Test message 58,2026-01-11 10:00:58
HTTP,50059,12345,Test message 59,2026-01-11 10:00:59
HTTP,50060,12345,Test message 60,2026-01-11 10:01:00
HTTP,50061,12345,Test message 61,2026-01-11 10:01:01
HTTP,50062,12345,Test message 62,2026-01-11 10:01:02
HTTP,50063,12345,Test message 63,2026-01-11 10:01:03
HTTP,50064,12345,Test message 64,2026-01-11 10:01:04
HTTP,50065,12345,Test message 65,2026-01-11 10:01:05
HTTP,50066,12345,Test message 66,2026-01-11 10:01:06
HTTP,50067,12345,Test message 67,2026-01-11 10:01:07
HTTP,50068,12345,Test message 68,2026-01-11 10:01:08
HTTP,50069,12345,Test message 69,2026-01-11 10:01:09
HTTP,50070,12345,Test message 70,2026-01-11 10:01:10
HTTP,50071,12345,Test message 71,2026-01-11 10:01:11
HTTP,50072,12345,Test message 72,2026-01-11 10:01:12
HTTP,50073,12345,Test message 73,2026-01-11 10:01:13
HTTP,50074,12345,Test message 74,2026-01-11 10:01:14
HTTP,50075,12345,Test message 75,2026-01-11 10:01:15
HTTP,50076,12345,Test message 76,2026-01-11 10:01:16
HTTP,50077,12345,Test message 77,2026-01-11 10:01:17
HTTP,50078,12345,Test message 78,2026-01-11 10:01:18
HTTP,50079,12345,Test message 79,2026-01-11 10:01:19
HTTP,50080,12345,Test message 80,2026-01-11 10:01:20
HTTP,50081,12345,Test message 81,2026-01-11 10:01:21
HTTP,50082,12345,Test message 82,2026-01-11 10:01:22
HTTP,50083,12345,Test message 83,2026-01-11 10:01:23
HTTP,50084,12345,Test message 84,2026-01-11 10:01:24
HTTP,50085,12345,Test message 85,2026-01-11 10:01:25
HTTP,50086,12345,Test message 86,2026-01-11 10:01:26
HTTP,50087,12345,Test message 87,2026-01-11 10:01:27
HTTP,50088,12345,Test message 88,2026-01-11 10:01:28
HTTP,50089,12345,Test message 89,2026-01-11 10:01:29
HTTP,50090,12345,Test message 90,2026-01-11 10:01:30
HTTP,50091,12345,Test message 91,2026-01-11 10:01:31
HTTP,50092,12345,Test message 92,2026-01-11 10:01:32
HTTP,50093,12345,Test message 93,2026-01-11 10:01:33
HTTP,50094,12345,Test message 94,2026-01-11 10:01:34
HTTP,50095,12345,Test message 95,2026-01-11 10:01:35
HTTP,50096,12345,Test message 96,2026-01-11 10:01:36
HTTP,50097,12345,Test message 97,2026-01-11 10:01:37
HTTP,50098,12345,Test message 98,2026-01-11 10:01:38
HTTP,50099,12345,Test message 99,2026-01-11 10:01:39
HTTP,50100,12345,Test message 100,2026-01-11 10:01:40
